model_name,precision,recall,f1_score,roc_auc,confusion_matrix,tn,fp,fn,tp
Logistic Regression,0.05493630573248408,0.8734177215189873,0.10337078651685393,0.9688747839975959,"[[44303  1187]
 [   10    69]]",44303,1187,10,69
Random Forest,0.49230769230769234,0.810126582278481,0.6124401913875598,0.9687643132027906,"[[45424    66]
 [   15    64]]",45424,66,15,64
